pair_name,fwd_name,rev_name,fwd,rev,tmin,tmax,tag
ITS1/ITS2,ITS1,ITS2,TCCGTAGGTGAACCTGCGG,GCTGCGTTCTTCATCGATGC,250,400,ITS1_sub
ITS1/ITS2_KYO2,ITS1,ITS2_KYO2,TCCGTAGGTGAACCTGCGG,TTYRCTRCGTTCTTCATCGA,250,400,ITS1_sub
ITS1F/ITS2,ITS1F,ITS2,CTTGGTCATTTAGAGGAAGTAA,GCTGCGTTCTTCATCGATGC,250,400,ITS1_sub
ITS1F/ITS2_KYO2,ITS1F,ITS2_KYO2,CTTGGTCATTTAGAGGAAGTAA,TTYRCTRCGTTCTTCATCGA,250,400,ITS1_sub
ITS5/ITS2,ITS5,ITS2,GGAAGTAAAAGTCGTAACAAGG,GCTGCGTTCTTCATCGATGC,250,400,ITS1_sub
ITS5/ITS2_KYO2,ITS5,ITS2_KYO2,GGAAGTAAAAGTCGTAACAAGG,TTYRCTRCGTTCTTCATCGA,250,400,ITS1_sub
ITS1/ITS4,ITS1,ITS4,TCCGTAGGTGAACCTGCGG,TCCTCCGCTTATTGATATGC,800,950,long
ITS5/ITS4,ITS5,ITS4,GGAAGTAAAAGTCGTAACAAGG,TCCTCCGCTTATTGATATGC,800,950,long
fITS7/ITS4,fITS7,ITS4,GTGARTCATCGAATCTTTG,TCCTCCGCTTATTGATATGC,250,600,ITS2_sub
ITS86F/ITS4,ITS86F,ITS4,GTGAATCATCGAATCTTTGAA,TCCTCCGCTTATTGATATGC,250,600,ITS2_sub
ITS3_KYO2/ITS4,ITS3_KYO2,ITS4,GATGAAGAACGYAGYRAA,TCCTCCGCTTATTGATATGC,500,700,ITS2_sub
ITS6/ITS4,ITS6,ITS4,GAAGGTGAAGTCGTAACAAGG,TCCTCCGCTTATTGATATGC,500,950,oomycete
